url,
https://www.nps.gov,
https://www.fs.usda.gov,
https://www.parks.ca.gov,
https://www.tpwd.texas.gov/state-parks,
https://www.floridastateparks.org,
https://www.dnr.illinois.gov/parks,
https://www.dnr.state.mn.us/state_parks,
https://www.parks.wa.gov,
https://www.dcnr.pa.gov/StateParks,
https://www.azstateparks.com,
https://www.harvard.edu,
https://www.stanford.edu,
https://www.mit.edu,
https://www.yale.edu,
https://www.princeton.edu,
https://www.utexas.edu,
https://www.ucla.edu,
https://www.umich.edu,